{"stats":{"minecraft:crafted":{"minecraft:stone_shovel":1,"minecraft:tripwire_hook":2,"minecraft:lever":1,"minecraft:stone_pickaxe":1,"minecraft:chest":2,"minecraft:cooked_beef":3,"minecraft:emerald":12,"minecraft:crafting_table":2,"minecraft:spruce_planks":24,"minecraft:baked_potato":1,"minecraft:bucket":1,"minecraft:birch_planks":8,"minecraft:enchanted_book":13,"ftbquests:book":1,"minecraft:air":0,"minecraft:white_wool":3,"minecraft:stick":8,"minecraft:white_bed":1,"minecraft:torch":4},"minecraft:mined":{"minecraft:spruce_trapdoor":2,"minecraft:lever":2,"minecraft:grass_block":3,"biomeswevegone:horseweed":1,"minecraft:spruce_leaves":4,"minecraft:hopper":4,"minecraft:furnace":2,"minecraft:pumpkin":4,"minecraft:bell":1,"supplementaries:stick":1,"minecraft:stone":8,"minecraft:tripwire":3,"minecraft:crafting_table":3,"minecraft:torch":4,"biomeswevegone:peat":64,"minecraft:chest":5,"biomeswevegone:clover_patch":1,"minecraft:glass":8,"minecraft:oak_planks":33,"minecraft:redstone_torch":2,"minecraft:ice":2,"minecraft:white_carpet":1,"minecraft:spruce_log":14,"minecraft:grass":7,"minecraft:coal_ore":43,"minecraft:dirt":3,"minecraft:fern":3},"minecraft:used":{"minecraft:oak_trapdoor":40,"minecraft:netherite_sword":14,"minecraft:writable_book":61,"minecraft:iron_bars":175,"minecraft:stone_sword":6,"minecraft:stone_shovel":65,"minecraft:poppy":2,"minecraft:ladder":6,"minecraft:chest":10,"minecraft:zombie_spawn_egg":15,"minecraft:bell":2,"minecraft:stick":1,"minecraft:torch":20,"minecraft:dirt":4,"minecraft:anvil":1,"minecraft:white_carpet":1,"minecraft:hopper":8,"minecraft:cobblestone_wall":13,"minecraft:glass":16,"minecraft:stone_brick_slab":6,"minecraft:lava_bucket":1,"minecraft:villager_spawn_egg":22,"minecraft:lantern":12,"minecraft:iron_block":46,"minecraft:grass_block":1,"minecraft:stone_brick_stairs":18,"minecraft:stone_bricks":21,"minecraft:barrel":24,"minecraft:tripwire_hook":4,"minecraft:furnace":2,"minecraft:minecart":3,"minecraft:cooked_beef":3,"minecraft:pumpkin":12,"minecraft:water_bucket":19,"minecraft:snow_block":1,"minecraft:stone_pickaxe":58,"minecraft:powered_rail":12,"advancednetherite:netherite_diamond_axe":80,"minecraft:baked_potato":1,"minecraft:oak_planks":58,"supplementaries:notice_board":19,"minecraft:ender_pearl":8,"minecraft:wooden_pickaxe":10,"minecraft:rail":56,"minecraft:crafting_table":4,"minecraft:white_bed":2,"minecraft:shears":11,"minecraft:redstone_torch":5,"minecraft:sticky_piston":1,"waystones:waystone":1,"minecraft:lever":23,"minecraft:light":1,"minecraft:daylight_detector":1,"minecraft:command_block":3,"minecraft:bread":2,"minecraft:string":13,"minecraft:map":1,"supplementaries:clock_block":1,"minecraft:lectern":125,"minecraft:spruce_trapdoor":4,"supplementaries:iron_gate":1,"minecraft:stone_axe":64,"minecraft:diamond_sword":7,"minecraft:cobblestone":450,"minecraft:bucket":4,"minecraft:chain_command_block":4,"minecraft:splash_potion":219},"minecraft:custom":{"minecraft:mob_kills":25,"minecraft:interact_with_anvil":3,"minecraft:interact_with_crafting_table":9,"minecraft:open_barrel":2,"minecraft:bell_ring":12,"minecraft:leave_game":4,"minecraft:time_since_death":27620,"minecraft:climb_one_cm":3098,"minecraft:sprint_one_cm":79748,"minecraft:walk_one_cm":386759,"minecraft:drop":31,"minecraft:damage_dealt_absorbed":120,"minecraft:talked_to_villager":284,"minecraft:play_time":167788,"minecraft:deaths":2,"minecraft:sneak_time":2859,"minecraft:walk_under_water_one_cm":445,"minecraft:jump":1146,"minecraft:walk_on_water_one_cm":1130,"minecraft:total_world_time":229328,"minecraft:interact_with_furnace":5,"minecraft:traded_with_villager":25,"minecraft:sleep_in_bed":2,"minecraft:time_since_rest":27654,"minecraft:damage_taken":751,"minecraft:damage_dealt":12473,"minecraft:fly_one_cm":281254,"minecraft:open_chest":10,"minecraft:crouch_one_cm":8372,"waystones:waystone_activated":1,"minecraft:fall_one_cm":20072},"minecraft:dropped":{"minecraft:writable_book":1,"minecraft:string":18,"minecraft:netherite_sword":3,"biomeswevegone:horseweed":1,"minecraft:diamond_sword":5,"biomeswevegone:clover_patch":2,"minecraft:splash_potion":1},"minecraft:killed_by":{"minecraft:iron_golem":1},"minecraft:picked_up":{"sophisticatedbackpacks:gold_backpack":1,"minecraft:crafting_table":2,"minecraft:ladder":3,"minecraft:diamond_sword":5,"minecraft:wooden_pickaxe":1,"minecraft:string":30,"minecraft:white_carpet":1,"minecraft:netherite_sword":3,"minecraft:beef":6,"minecraft:redstone_torch":2,"minecraft:poppy":7,"minecraft:chest":5,"minecraft:spruce_trapdoor":2,"minecraft:furnace":2,"minecraft:stick":1,"minecraft:torch":5,"sophisticatedbackpacks:backpack":1,"minecraft:rotten_flesh":5,"minecraft:rail":1,"minecraft:cobblestone":8,"minecraft:birch_log":2,"minecraft:tripwire_hook":2,"minecraft:leather":2,"biomeswevegone:peat":64,"minecraft:dirt":6,"biomeswevegone:clover_patch":2,"minecraft:apple":5,"minecraft:wheat_seeds":6,"biomeswevegone:horseweed":1,"minecraft:rabbit_hide":1,"minecraft:bell":1,"minecraft:iron_ingot":41,"minecraft:rabbit":1,"minecraft:oak_planks":38,"minecraft:pumpkin":4,"minecraft:spruce_log":14,"minecraft:dark_oak_log":3,"minecraft:pumpkin_seeds":4,"minecraft:stone_axe":1,"waystones:waystone":1,"minecraft:lever":2,"minecraft:writable_book":6,"minecraft:coal":43,"minecraft:hopper":4},"minecraft:killed":{"minecraft:zombie_villager":3,"minecraft:iron_golem":13,"minecraft:zombie":3,"minecraft:stray":1,"minecraft:villager":2,"minecraft:cow":3}},"DataVersion":3465}